English,Hindi,Hinglish,Id,Score
"On the other hand, art flourished under Buddhist patronage.
","दूसरी ओर बोद्धों के संरक्षण में कला समृद्धशाली बनी।
",[start] [UNK] or [UNK] [UNK] men kala ka development huaa [end],0,0
"Standard Chartered has brought in 140 million.
","स्टैंडर्ड चार्टर्ड 140 मिलियन लाया है।
",[start] [UNK] [UNK] ne [UNK] total lae hain [end],1,0
"During the war years, the railways were under great strain, not only because of the growing needs of transportation of troops and war materials internally, but also because of the responsibility thrown on them to meet the demands of staff and material for the railways in the African theatre of war.
","युद्ध के वर्षों के दौरान, रेलवे पर अत्यधिक दबाव था. यह न केवल सेना और युद्ध सामग्री को देश में ही लाने ले जाने के कारण था वरन् अफ्रीकी युद्ध में रेलवे के लिए स्टाफ और सामग्री की बढ़ती हुई मांग को पूरा करने के उन पर सौंपे गये दायित्व के कारण था.
",[start] yuddh ke varshon ke dauran n keval internal roop se [UNK] aur yuddh samagri ke [UNK] ki bati needs ke karan balki relve ke [UNK] aur [UNK] ki [UNK] ko poora karne ke lie un par [UNK] gee par ke karan bhi relve bahut [UNK] men tha [end],2,0
"They said, ‘O Moses! Will you throw first, or shall we? ’
","वे बोले, ""ऐ मूसा! या तो तुम फेंको या फिर हम पहले फेंकते हैं।""
",[start] unhonne kaha ae moosa [end],3,0.1361
"No maintenance charges required to be paid.
","कोई अनुरक्षण शुल्क देने की जरुरत नहीं है।
",[start] [UNK] [UNK] ka bhugtan karne ki aavashyakta nahin hai [end],4,0
"Cannot attach CMS Enveloped data
","CMS लिफाफाकृत आंकड़ा संलग्न नहीं कर सकता है
",[start] [UNK] [UNK] data snlagn nahin kar sakta [end],5,0.4485
"A culture of prevention rather than a culture of reaction is required in the mining industry as a value-driven commitment towards zero tolerance to such incidents.
","ऐसी दुर्घटनाओं को बिलकुल सहन न करने की मूल्य प्रेरित प्रतिबद्धता के रूप में,खनन उद्योग में प्रतिक्रिया की संस्कृति के बजाय बचाव की संस्कृति की आवश्यकता है।
",[start] [UNK] udyog men aesi [UNK] ke prti [UNK] [UNK] ki disha men value [UNK] [UNK] ke roop men [UNK] ki snskriti ke bajay [UNK] ki snskriti ki aavashyakta hai [end],6,0
"It tells you what vitamin K deficiency bleeding is, discusses the benefits of vitamin K supplements and possible disadvantages of its use, and gives the best current advice.
","यह पत्रक बताता है कि विटामिन के (ख्) डिफ़िशेसी ब्लीडिंग (विटामिन के (ख्) की कभी कमी की वजह से खून बहने लगना) क्या है। भाष्; यह विटामिन के (ख्) सप्लिमेंट्स के लाभ और संभावित प्रतिकूल परिस्थितियों के बारे में भी जानकारी देता है। भाष्;
",[start] yah aapko batata hai ki vitamin ke ki kami se [UNK] kya hota hai vitamin ke ki [UNK] ke [UNK] aur iske use ke possible [UNK] par charcha karta hai aur best present men deta hai [end],7,0.1462
"In truth, when its desires are fulfilled, it returns to its own place and enjoys the happiness that is the Self.
","वस्तुतः जब उसकी इच्छाएँ पूरी हो जाती है तो वह अपने स्थान पर वापस आ जाता है, और आनंद का, आत्मा का उपयोग करता है।
",[start] vastav men jab uski [UNK] full ho jati hain to vah apne sthan par laut aata hai aur us [UNK] ko [UNK] hai jo svyn hai [end],8,0
"Corporal punishment should be banished from schools and students should be encouraged to take positive initiatives.
","स्कूलों में बच्चों को शारीरिक दण्ड देने पर रोक होनी चाहिए और विद्यार्थियों को रचनात्मक पहल करने के लिए प्रोत्साहित किया जाना चाहिए।
",[start] sharirik [UNK] ko [UNK] se hata diya jana chahie aur [UNK] ko [UNK] initiatives karne ke lie protsahit kiya jana chahie [end],9,0.2472
"One article from devoting air dispersion modeling and transformation for technical quality and air dispersion modeling of air pollution.
","वायु प्रकीर्णन मॉडलिंग और रुपान्तरण फ़ार्मुले छह से एक लेख समर्पित करने के लिए तकनीकी गुणवत्ता और वायु प्रदूषण के वायु प्रकीर्णन मॉडलिंग
",[start] [UNK] [UNK] [UNK] [UNK] [UNK] [UNK] [UNK] [UNK] [UNK] [UNK] [UNK] [UNK] [UNK] [UNK] [UNK] se ek [UNK] [end],10,0.3168
"Together, we shall take India into the 21st century as a strong, self - confident, and prosperous nation.
","हम सब मिलकर सशक्त, आत्मविश्वास और समृद्ध राष्ट्र के रुप में भारत का 21वीं शताब्दि में पदार्पण कराएंगे।
",[start] ham sab milakar bharat ko [UNK] [UNK] men ek strong [UNK] aur [UNK] rashtr ke roop men le jaenge [end],11,0
"Before the boy could reply, a butterfly appeared and fluttered between him and the old man.
","इससे पहले कि लड़का कुछ जवाब देता एक तितली उन दोनों के बीच आकर अपने पर फड़फड़ाने लगी।
",[start] isse pahle ki boy javab de [UNK] ek butterfly prakat huee aur uske de [UNK] ke bich [UNK] [UNK] [end],12,0.2462
"“Taste your ordeal. This is what you used to challenge. ”
","(और उनसे कहा जाएगा) अपने अज़ाब का मज़ा चखो ये वही है जिसकी तुम जल्दी मचाया करते थे
",[start] apni [UNK] ka [UNK] [UNK] [end],13,0.0915
"And their eyes spoke of death.
","उनकी आंखें मौत का संदेश दे रही थीं।
",[start] aur unki [UNK] maut ki bat kar rahi thin [end],14,0
"Overcrowding and outstanding registrations kept increasing .
","भीड़ भाड़ तथा शेष पंजीकरण की संख़्या में वृद्धि होती गयी .
",[start] [UNK] aur [UNK] registration [UNK] rahe [end],15,0
"At this stage, learned counsel for the parties have pointed out that the decreetal amount has since been deposited with the Registrar General of this court which is lying in an FDR.
","इस स्तर पर, पक्षकारों के विद्वत वकील ने ध्यान दिलाया कि डिक्रीत राशि तब से इस अदालत के महा-रजिस्ट्रार के पास जमा कर दी गई थी जो कि एक सावधि जमा रसीद में पड़ी हुई है.
",[start] is stage par [UNK] ke [UNK] [UNK] ne [UNK] kiya hai ki decree ki rashi ab is nyayalay ke [UNK] [UNK] ke pas general kar di gee hai jo [UNK] men para huaa hai [end],16,0
"Ganesh Chaturthi and Janmashtmi are the other two festivals which are celebrated with lots of fun and frolic.
","इनके अलावा गणेश चतुर्थी और जन्माष्टमी कुछ अधिक धूम-धाम के संग मनाये जाते हैं।
",[start] [UNK] [UNK] aur [UNK] any do [UNK] hain jo bahut hi [UNK] aur [UNK] ke sath [UNK] jate hain [end],17,0
"O which of your Lord 's bounties will you and you deny?
","तो तुम दोनों अपने रब की अनुकम्पाओं में से किस-किस को झुठलाओगे?
",[start] ae apne rab ki kaun si [UNK] ko [UNK] tum aur tum [end],18,0.2077
"A measurement of change in prices.
","कीमतों में परिवर्तन को आंकने का एक पैमाना।
",[start] change in prices ka [UNK] [end],19,0
"Set this to the key command you would like to use to summon Do.
","इसमें वह की कमांड डालें जिसके होने पर जीनोम डु शुरू हो जाये।
",[start] ise us key command par set karen jiska use aap [UNK] ko [UNK] karne ke lie karna chahte hain [end],20,0.1508
"His life and the lives of those nearest and dearest to him would be forfeit if he refused to do the bidding of his lord.
","अगर अपने राजा की बात को मानने से इन्कार करता है तो उसके तथा उसके निकट संबंधियों की जान जाती है।
",[start] yadi usne apne [UNK] ki [UNK] ko karne se inkar kar diya to uska jivan aur uske sabse [UNK] aur priy logon ka jivan nasht ho jaega [end],21,0.326
"Windows that should be use alpha blur by default
","विंडोज़ जिसे मूलभूत रूप से अल्फा धुंधला का प्रयोग करना चाहिए
",[start] windows jinhen [UNK] roop se [UNK] [UNK] ka use karna chahie [end],22,0.4748
"DNA- RNA- Protein All the aforementioned steps can be carried out in the test-tube if the building blocks , enzymes and ribosome 's are provided as well as the nucleic acid to give primary information sequence .
","डी.एन.एआर.एन.ए . प्रोटीन उपर्यु> सारी इऋयाएं एक परखनली में भी की जा सकती हैं बशर्ते इसके लिए आवशऋ-ऊण्श्छ्ष्-यक एंजाइम तथा राइबोसोम आदि पदार्थ उपलबऋ-ऊण्श्छ्ष्-ध हों.प्रारंभिक जानकारी का ऋम देने हेतु नऋ-ऊण्श्छ्ष्-यूकऋ-ऊण्श्छ्ष्-लिइक अमऋ-ऊण्श्छ्ष्-ल भी उपलबऋ-ऊण्श्छ्ष्-ध हो .
",[start] [UNK] [UNK] sabhi [UNK] ko [UNK] men kiya ja sakta hai yadi [UNK] degi [UNK] aur [UNK] ke [UNK] [UNK] information [UNK] dene ke lie [UNK] [UNK] prdan kiya jata hai [end],23,0.1723
"Our enemy is thoughtlessness. This is philosophy. ”
","अविचारशीलता हमारी शत्रु है। यह दर्शन है ”
",[start] hamara [UNK] [UNK] hai [end],24,0
"Allah said: be thou gone; then who soever of them followeth thee, Hell is your meed, a meed ample.
","ख़ुदा ने फरमाया चल (दूर हो) उनमें से जो शख़्श तेरी पैरवी करेगा तो (याद रहे कि) तुम सबकी सज़ा जहन्नुम है और वह भी पूरी पूरी सज़ा है
",[start] created the kaha allah chale jao [end],25,0.2249
"Then say to him a gentle saying; haply he may be admonished or he may fear.
","उससे नर्म बात करना, कदाचित वह ध्यान दे या डरे। ""
",[start] tab us se [UNK] [UNK] kah [end],26,0
"One of the historical structures in Mumbai used to be Governor 's residence.
","मुंबई में ऐतिहासिक संरचना जहां राज्यपाल निवास करते थे।
",[start] mumbai men [UNK] [UNK] men se ek governor ka [UNK] huaa karta tha [end],27,0
"GNOME Theme% s correctly installed Gnome
","थीम% s ठीक से अधिष्ठापित है
",[start] [UNK] [UNK] s sahi dhng se [UNK] [UNK] kiya gaya hai [end],28,0
"""Adjournment of the sitting of the House""- Termination of the sitting of the House which meets again at the time appointed for the next sitting.
","""सभाकी बैठक का स्थगन"" -- स्थगन होने पर सभा की बैठक समाप्त हो जाती है और सभा अगली बैठक के लिए नियत समय पर पुनः समवेत होती है।
",[start] sadan ki sitting ka adjournment assembly ki sitting ki [UNK] jo [UNK] sitting ke lie niyat time par phir se [UNK] hoti hai [end],29,0.2003
"Joint Forest Management Committees have played a key role in curbing the exploitation of forest resources that had often led to the marginalization and deprivation of tribal people.
","संयुक्त वन प्रबंधन समितियों ने अक्सर जनजातीय लोगों को पिछड़ा और अभावग्रस्त बनाने वाले वन संसाधनों के दोहन को समाप्त करने में प्रमुख भूमिका निभाई है।
",[start] [UNK] [UNK] [UNK] [UNK] ne [UNK] [UNK] ke [UNK] ko [UNK] men mahatvpoorn bhoomika [UNK] hai jiske karan aksar [UNK] logon ko [UNK] par [UNK] diya jata tha aur [UNK] kar diya jata tha [end],30,0.185
"It cannot be said that the product was unknown in India.
","ऐसा नहीं कहा जा सकता है कि यह उत्पाद भारत में अनजान था
",[start] yah nahin kaha ja sakta hai ki product unknown in [UNK] tha [end],31,0
"Have you not regarded those who style themselves as pure? Indeed, it is Allah who purifies whomever He wishes, and they will not be wronged [so much as] a single date - thread.
","(ऐ रसूल) क्या तुमने उन लोगों के हाल पर नज़र नहीं की जो आप बड़े मुक़द्दस बनते हैं (मगर उससे क्या होता है) बल्कि ख़ुदा जिसे चाहता है मुक़द्दस बनाता है और ज़ुल्म तो किसी पर धागे के बराबर हो ही गा नहीं
",[start] kya aapne un logon ko nahin dekha jo apne aap ko [UNK] mante hain [end],32,0.289
"Tansen fell ill and it was two months before he could return to the court.
","लगातार दो महिने तक वह बीमार रहा।
",[start] [UNK] [UNK] par ge aur unhen [UNK] men vapas aane se pahle do months ho ge the [end],33,0
"If set to true, then Nautilus shows folders prior to showing files in the icon and list views.
","यदि यह सत्य पर नियत किया जाता है, चिह्न तथा सूची दृश्य में नॉटिलस फ़ोल्डर्स को फ़ाइलें के पहले दिखाएगा.
",[start] yadi correct par set kiya jata hai to [UNK] jata aur list [UNK] men files [UNK] se pahle folder [UNK] hai [end],34,0
"Externally, the quadrangular open court is surrounded by a prakara with a cloister, or malika, locally called nalambalam or chuttambalam.
","बाह्य रूप से चतुर्भुज खुला प्रांगण एक प्राकार से घिरा होता है जिसमें एक विहार, या मालिका होती है जिसे स्थानीय रूप से नलांबलम या चुट्टांबलम कहा जाता हैं.
",[start] [UNK] roop se [UNK] ke [UNK] ek [UNK] se [UNK] huaa hai jismen ek [UNK] ya [UNK] hai jise local [UNK] se [UNK] ya [UNK] kaha jata hai [end],35,0
"And you probably all have it, and if you haven't, you need to.
","और शायद आप सभी में भी वह होता है, और अगर वह आपके पास नहीं है तो आपको उसकी आवश्यकता है।
",[start] aur aapke pas shayad yah sab hai aur yadi aapke pas nahin hai to aapko iski aavashyakta hai [end],36,0.1074
"Equally evident are grounds for introspection.
","समान रूप से स्पष्ट आत्मनिरीक्षण के लिए आधार हैं।
",[start] [UNK] ke lie saman roop se spasht aadhar hain [end],37,0
"citizens have self - organized political protests and
","नागरिकों ने खुद को राजनैतिक विरोधों में आयोजित किया और
",[start] [UNK] ke pas [UNK] political virodh aur hain [end],38,0
"The Government of India had no adequate plans and arrangements for the country 's defence.
","भारत सरकार के पास देश की रक्षा के लिए पर्याप्त योजनाएं व इंतजाम न थे.
",[start] india government ke pas country ki [UNK] ke lie koee [UNK] plan aur [UNK] nahin thi [end],39,0
"The officer who is entitled with the responsibility of arbitration.
","वह अधिकारी जिसे मध्यस्थता करने की जिम्मेदारी सौंपी गयी है।
",[start] vah officer jo [UNK] ki par ka [UNK] hai [end],40,0
"She answered, This is their home.
","उत्तर था, यह उनका घर है।
",[start] usne uttar diya yah unka ghar hai [end],41,0
"Lamas practice dance, sing and play on pipes and horns. Many Lamas get religious training here.
","यहां लामा नृत्य, गीत गायन और नाटकों में पाइपों तथा सींगों का इस्तेमाल करते हैं। अनेक लामा यहां धार्मिक प्रशिक्षण प्राप्त करते हैं।
",[start] [UNK] [UNK] aur [UNK] par [UNK] [UNK] aur [UNK] ka [UNK] karte hain [end],42,0
"You need two numbers or string to do an addition
","जोड़ने के लिए आपको दो संख्या या वाक्यांश चाहिए
",[start] [UNK] karne ke lie aapko do [UNK] ya [UNK] chahie [end],43,0
"Your discipline, commitment and determination will help you navigate through the rough terrain.
","आपका अनुशासन, समर्पण और संकल्प मुश्किल हालात से गुजरने में आपकी मदद करेगा।
",[start] [UNK] [UNK] [UNK] aur [UNK] [UNK] aapko kisi n kisi [UNK] se [UNK] karne men madad karega [end],44,0
"In Hindi, the word “”America“” is used instead of “”United States of America“”.
","हिन्दी भाषा में संयुक्त राज्य या संयुक्त राज्य अमेरिका के स्थान पर केवल अमेरिका कहने का ही प्रचलन है जो इस देश के लघु नाम के रूप मे उपयोग में लाया जाता है।
",[start] hindi men such [UNK] amerika ke [UNK] par amerika year ka pryog kiya jata hai [end],45,0
"Some may go to out-of-the-way places to sniff which can add to the dangers .
","कुछ लोग संभवतः सुँघनी लेने के लिए कोई अनजानी जगह भी चुन सकते हैं , जिससे ख़तरे और बढ़ सकते हैं .
",[start] kuchh [UNK] ke lie [UNK] ki [UNK] par ja sakte hain jo [UNK] ko [UNK] sakta hai [end],46,0.2095
"Chromium is no longer updating because your operating system is obsolete.
","क्रोमियम अब और अपडेट नहीं कर रहा है क्योंकि आपका ऑपरेटिंग सिस्टम अप्रचलित है.
",[start] [UNK] ab [UNK] nahin ho raha hai kyonki [UNK] [UNK] system [UNK] hai [end],47,0.3287
"It ' s what turns lead into gold , and makes the gold return to the earth . ”
","यही चक्र सीसे को सोना बना देता है , और सोने को धरती में वापिस समावेश करा देता है । ”
",[start] yah vah hai jo [UNK] ko [UNK] men badal deta hai aur [UNK] ko vapas earth par [UNK] deta hai [end],48,0
"Cannot send message: no recipients defined.
","संदेश नहीं भेज सकता हैः कोई प्राप्तकर्ता परिभाषित नहीं है.
",[start] message nahin bheja ja sakta koee [UNK] paribhashit nahin hai [end],49,0
"but it does tend to leave you waking up crying at three o'clock in the morning.
","मगर हो सकता है कि आप सुबह के तीन बजे जागे हुए पाये जायें।
",[start] lekin yah aapko [UNK] tin baje [UNK] hue [UNK] ke lie chhor deta hai [end],50,0.1553
"Average feed consumption upto marketable age
","बेचने योग्य होने की आयु तक पहुँचने तक भोजन की औसत खपत
",[start] [UNK] yogy age tak average [UNK] [UNK] [end],51,0
"Among them 13, 74, 283 lives were under subsidised category and 61, 133 lives were under General non - subsidised category.
","इनमें क्रमशः13,74,283 और 61,133 व्यक्ति सब्सिडी पाने वाले वर्ग में थे और 61,135 पूरा प्रीमियम देने वालों में थे।
",[start] inmen [UNK] jivan [UNK] [UNK] men tatha [UNK] jivan normal [UNK] [UNK] [UNK] men the [end],52,0
"PROVISIONS AS TO THE COMPTROLLER AND AUDITOR-GENERAL OF INDIA
","भारत के नियंत्रक-महालेखापरीक्षक के बारे में उपबंध
",[start] india ke [UNK] aur [UNK] ke bare men [UNK] [end],53,0.6135
"But, with respect to potassic fertilizers, there are no known commercially exploitable reserves of potash in the country and the entire requirement of these fertilizers is met through imports.
","परन्तु पोटाश उर्वरक के संबंध में देश में पोटाश का कोई दोहन करने योग्य ज्ञात भंडार नहीं है और इन उर्वरकों की समस्त आवश्यकताएं आयात के माध्यम से पूरी की जाती हैं।
",[start] lekin [UNK] [UNK] ke respect men country men [UNK] ke business roop se [UNK] yogy [UNK] jnjat nahin hain aur in [UNK] ki poori need aayat ke madhyam se poori ki jati hai [end],54,0
"The Rajghat Dam is almost complete.
","राजघाट बांध का निर्माण कार्य लगभग पूरा हो चुका है।
",[start] [UNK] dam lagabhag poora ho chuka hai [end],55,0
"Dr. Ambedkar was at pains to emphasise that the new republic would be a ""Union” of States, as opposed to a"" Federation” of States. The States would have no right to secede.
","डॉ. अंबेडकर ने बहुत परिश्रम से यह बताने का प्रयास किया था कि नया गणतंत्र राज्यों के ‘परिसंघ’के बजाय राज्यों का ‘संघ’ होगा। राज्यों को अलग होने का अधिकार नहीं होगा।
",[start] [UNK] [UNK] ko is bat par [UNK] dene men bahut [UNK] ho rahi thi ki new [UNK] states ke [UNK] ke viprit states ka [UNK] hoga [end],56,0.2645
"So sometimes you 'll say morula,
","तो कभी कभी आप morula कहता हूँ,
",[start] to kabhi aap [UNK] [UNK] [end],57,0.5318
"Disables saving browser history in %{PRODUCTNAME} and prevents users from changing this setting. If this setting is enabled, browsing history is not saved. If this setting is disabled or not set, browsing history is saved.
","%{PRODUCTNAME} में ब्राउज़र इतिहास सहेजना अक्षम करती है और उपयोगकर्ताओं को यह सेटिंग बदलने से रोकती है. यदि यह सेटिंग सक्षम है, तो ब्राउज़िंग इतिहास सहेजा नहीं जाता है. यदि यह सेटिंग अक्षम है या कॉन्फ़िगर नहीं है, तो ब्राउज़िंग इतिहास सहेजा जाता है.
",[start] [UNK] history ko [UNK] men [UNK] [UNK] karta hai aur [UNK] ko is [UNK] ko badalne se [UNK] hai [end],58,0.1588
"Force Brasero to display the project selection page
","परियोजना चयन पृष्ठ दिखाने के लिए ब्रैसेरो को बाध्य करें
",[start] project [UNK] prishth [UNK] karne ke lie [UNK] ko [UNK] karen [end],59,0
"Kindness, seriousness and restraint were the balance column
","दया विचारशीलता और संयम इसके आधार स्तम्भ थे।
",[start] [UNK] [UNK] aur [UNK] [UNK] [UNK] the [end],60,0
"These dealt with matters arising during periods of the first and second Emergencies proclaimed in 1962 and 1971.
","इनका संबंध उन मामलों से था जो 1962 और 1971 में उदघोषित आपात उपबंध पहले और दूसरे आपातो के दौरान पैदा हुए।
",[start] ye [UNK] aur [UNK] men [UNK] first aur doosri [UNK] men ke dauran utpann hone vale mamlon se snbndhit the [end],61,0
"causing no headiness or intoxication.
","न उसमें कोई ख़ुमार होगा और न वे उससे निढाल और मदहोश होंगे।
",[start] koee such ya [UNK] nahin paida karta hai [end],62,0
"Administer to any party to arbitration
","पंच निर्णय के लिए पक्षकार को सौंप देना
",[start] [UNK] ke lie kisi bhi party ko [UNK] karen [end],63,0
"So the fence would have been broken if there really had been a leopard.
","अतः यदि चीता वहां सचमुच में गया होता तो बाड़ी कहीं से टूटी मिलती।
",[start] islie yadi vastav men [UNK] hota to [UNK] [UNK] [UNK] [end],64,0.4458
"and Our command is but a single [word], like the twinkling of an eye.
","और हमारा आदेश (और काम) तो बस एक दम की बात होती है जैसे आँख का झपकना
",[start] aur hamara hukm to bas ek shabd hai jaise [UNK] [UNK] [end],65,0
"I do not wish to take any hasty step, nor would you wish to take it.
","मैं जल्दबाजी में कोई कदम नहीं उठाना चाहता, न आप जल्दबाजी में कोई कदम उठाना चाहेंगे।
",[start] i [UNK] men koee step nahin [UNK] chahta aur n hi aap ise [UNK] [UNK] [end],66,0
"For instance, for a Muslim child the first and most important part of his education was to learn to read Arabic, in order that he might be able to read the Quran.
","उदाहरण के तौर पर, एक मुसलमान बच्चे की शिक्षा का प्रथम और सवांधिक महत्वपूर्ण अंग था अरबी पढने का ज्ञान ताकि वह कुरान पढ सकें.
",[start] udaharan ke lie ek muslim child ke lie uski shiksha ka pahla aur sabse mahatvpoorn [UNK] [UNK] pana [UNK] tha taki vah kuran [UNK] men saksham ho sake [end],67,0
"But he who is given the Record behind his back,
","और रह वह व्यक्ति जिसका कर्म-पत्र (उसके बाएँ हाथ में) उसकी पीठ के पीछे से दिया गया,
",[start] lekin vah jise uske pith pichhe [UNK] diya jata hai [end],68,0
"I can't find my provider and I wish to enter it manually:
","मैं अपने प्रदाता नहीं ढूँढ़ सकता हूँ और मैं इसे दस्ती रूप से दाखिल करना चाहता हूँ (m):
",[start] mujhe apna provider nahin mil raha hai aur main ise [UNK] roop se [UNK] karna chahta hoon [end],69,0.2715
"But this exclusive consummation is not the sole or inevitable result of the Path of Knowledge.
","किन्तु यह एकाग्डी अत्युच्च अवस्था ही ज्ञान के मार्ग का अकेला या अनिवार्य परिणाम नहीं।
",[start] lekin yah [UNK] [UNK] jnjan ke marg ka ekmatr ya [UNK] [UNK] nahin hai [end],70,0
"They embrace the infinite coastline of the sea at their mouths.
","वे अपने मुहानों पर असीम समुद्रतट का आलिंगन करती हैं।
",[start] ve [UNK] ke [UNK] [UNK] ko apne [UNK] par [UNK] [UNK] hain [end],71,0
"When such a person comes to Us, he will say [to his comrade], ""If only you had been as far away from me as east is from west. What an evil comrade!""
","यहाँ तक कि जब (क़यामत में) हमारे पास आएगा तो (अपने साथी शैतान से) कहेगा काश मुझमें और तुममें पूरब पश्चिम का फ़ासला होता ग़रज़ (शैतान भी) क्या ही बुरा रफीक़ है
",[start] jab aesa koee vyakti hamare pas aata hai to vah apne [UNK] se [UNK] [UNK] tum [UNK] utni hi door hote jitna [UNK] [UNK] se hai kitna [UNK] [UNK] hai [end],72,0
"Now I do call to witness the Lord of all points in the East and the West that We can certainly -
","अतः कुछ नहीं, मैं क़सम खाता हूँ पूर्वों और पश्चिमों के रब की, हमे इसकी सामर्थ्य प्राप्त है
",[start] ab main poorv aur [UNK] ke sabhi [UNK] ke bhagvan ko [UNK] hone ke lie [UNK] hoon ki ham nishchit roop se kar sakte hain [end],73,0
"The deceased was doing a private job at the time of the accident.
","मृतक दुर्घटना के समय एक निजी काम कर रहा था.
",[start] [UNK] ke vakt [UNK] [UNK] [UNK] kar raha tha [end],74,0.7788
"seeing towards down after the noon, we can see pollution in Los Angeles into the moor of mountains
","नीचे देखने पर सामने की पहाडी के मैदान में दोपहर के बाद वायु प्रदूषण साफ साफ़ लोस अन्जेल्स में दिखता है.
",[start] [UNK] ke bad niche ki or thee hue ham [UNK] [UNK] men [UNK] ke [UNK] men [UNK] dekh sakte hain [end],75,0
"There is a great percentage of poetry in his so - called dramas, also there is music in them.
","उनके तथाकथित नाटकों में, कविताओं का अंश मुख्य है, उनमें संगीत भी शामिल है।
",[start] unke called [UNK] men [UNK] of prtishat adhik hai unmen [UNK] bhi hai [end],76,0
"Decisions in a proprietary concern are easy and prompt.
","स्वामित्व प्रतिष्ठान में निर्णय सुगमता से और त्वरित रूप में लिए जा सकते हैं।
",[start] [UNK] [UNK] men nirnay men aur [UNK] hote hain [end],77,0
"Image format (default RGB)
","छवि प्रारूप (डिफ़ॉल्ट RGB)
",[start] image [UNK] [UNK] [UNK] [end],78,0
"Failed to unlock lock file '% s' '% s'
","लॉक फ़ाइल को अन-लॉक करने में असफ़ल
",[start] fail file file ko [UNK] karne men viphal [end],79,0
"Sudhir, run and call Panu Babu.
","सुधीर, तुम दौड़कर जाओ, पानू बाबू को फौरन बुला लाओ।
",[start] [UNK] [UNK] [UNK] babu ko [UNK] [end],80,0
"What is today 's status of Consolidated Stock?
","समेकित स्टॉक की आज की स्थिति क्या है।
",[start] [UNK] [UNK] ki today ki [UNK] kya hai [end],81,0
"For services in Wales contact: Welsh Office Drugs Unit, Welsh Office, Cathays Park, Cardiff CF1 3NQ.
","वेल्स में सेवाओं के लिए सम्पर्क:-Welsh Office Drugs Unit, Welsh Office, Cathays Park, Cardiff CF1 3NQ. टेलीफ़ोन नम्बर ०२२२ ८२५१११
",[start] [UNK] men [UNK] ke lie [UNK] karen [UNK] [UNK] [UNK] [UNK] [UNK] [UNK] total [UNK] [UNK] [UNK] [UNK] [end],82,0
"Device does not support FILTER _ SLOT property.
","उपकरण में FILTER _ SLOT गुण समर्थन उपलब्ध नहीं है.
",[start] [UNK] [UNK] property ka samarthan nahin karta [end],83,0
"And that He may punish the Hypocrites, men and women, and the Polytheists men and women, who imagine an evil opinion of Allah. On them is a round of Evil: the Wrath of Allah is on them: He has cursed them and got Hell ready for them: and evil is it for a destination.
","और मुनाफिक़ मर्द और मुनाफ़िक़ औरतों और मुशरिक मर्द और मुशरिक औरतों पर जो ख़ुदा के हक़ में बुरे बुरे ख्याल रखते हैं अज़ाब नाज़िल करे उन पर (मुसीबत की) बड़ी गर्दिश है (और ख़ुदा) उन पर ग़ज़बनाक है और उसने उस पर लानत की है और उनके लिए जहन्नुम को तैयार कर रखा है और वह (क्या) बुरी जगह है
",[start] aur taki vah hearts [UNK] aur women aur [UNK] vah aur women ko [UNK] kare jo allah ke bare men ek buri ray rakhte hain [end],84,0.1189
"The tribals also depend on the bamboo to augment their incomes .
","आदिवासी अपनी आय बढने के लिए भी बांस पर निर्भर रहते हैं .
",[start] [UNK] bhi apni aay baane ke lie [UNK] par [UNK] hain [end],85,0.1642
"organs superficially appear to be similar and perform the same function.
","बाहरी दिखावे में अंग एक जैसे दिखें और एक ही प्रकार का कार्य कर रहे हों।
",[start] [UNK] [UNK] roop se saman dikhaee dete hain aur same kary karte hain [end],86,0
"He usually speaks impeccable English and you think for a moment that you are perhaps better off here than in China.
","वे आम तौर पर अच्छी अंग्रेजी बोलते हैं और एक क्षण के लिए लगेगा कि चीन की तुलना में शायद यहां बेहतर स्थिति है.
",[start] vah [UNK] par [UNK] [UNK] [UNK] hain aur aap ek [UNK] ke lie sochte hain ki aap shayad [UNK] ki tulna men yahan behatar hain [end],87,0.388
"Server 's certificate cannot be checked.
","सर्वर प्रमाणपत्र की जांच नहीं की जा सकती.
",[start] server ke prmanapatr ki [UNK] nahin ki ja sakti [end],88,0
"Therefore that process is not sufficient for our Yoga; something else is needed more embracingly positive.
","इसलिये वह विधि हमारे योग के लिये पर्याप्त नहीं; किसी और साधन की भी आवश्यकता है जो अधिक सर्वग्राही रूप में भावात्मक हो।
",[start] islie vah process hamare [UNK] of lie paryapt nahin hai [end],89,0
"what they want to learn to do.
","जो वो सीखना चाहते हैं.
",[start] ve kya karna [UNK] chahte hain [end],90,0
"And what can make you know what is the Striking Calamity?
","और तुम्हें क्या मालूम कि क्या है वह खड़खड़ानेवाली?
",[start] aur tum kya jan sakte ho ki [UNK] [UNK] kya hai [end],91,0
"An organism in the early stages of development.
","विकास की प्रारम्भिक अवस्था में एक जीव
",[start] development ke [UNK] phase men ek [UNK] [end],92,0.4957
"If TRUE, the selected month cannot be changed
","अगर सत्य तो चयनित माह नही बदला जा सकता
",[start] yadi correct hai to selected [UNK] ko badla nahin ja sakta [end],93,0
"I am uncompromisingly against all destructive machinery.
","मै तमाम नाशकारी यंत्रोंका कट्टर विरोधी हूं।
",[start] main sabhi [UNK] [UNK] ke [UNK] bina kisi [UNK] ke hoon [end],94,0
"The place you go while you are staring at a computer that is processing something very slowly.
","वह स्थान जहाँ आप एक कंप्यूटर को घूर रहे हैं जबकि वह कंप्यूटर बहुत धीरे-धीरे कुछ प्रोसेसिंग कर रहा है।
",[start] vah place jahan aap jate hain jab aap ek computer ko [UNK] rahe hote hain jo bahut [UNK] speed se kuchh [UNK] kar raha hota hai [end],95,0.5803
"Project Manager Plugin for Anjuta.
","परियोजना प्रबंधक प्लगइन के लिए Anjuta.
",[start] [UNK] ke lie [UNK] [UNK] [UNK] [end],96,0
"Child process stopped by signal %ld
","संतति प्रक्रिया %ld संकेत के द्वारा रोका गया
",[start] [UNK] process of [UNK] dvara [UNK] di gee [end],97,0
"WHAT WILL I EARN? 20
","मेरी आमदनी क्या होगी? 25।
",[start] main kya [UNK] [end],98,0
"It is n 't a good idea to focus on the use of solvents.
","केवल सॉल्वैट्स के उपयोग पर ही सारा ध्यान केंद्रित कर देना कोई अच्छा विचार नहीं है.
",[start] [UNK] ke upyog par dhyan kendrit karna ek good idea nahin hai [end],99,0
"which obeys really strict rules.
","जो वास्तव में कड़े नियमों का अनुसरण करता है।
",[start] jo vastav men sakht [UNK] ka palan karta hai [end],100,0
"Process ID assigned a unique number to every process running in the system.
","प्रोसेस आईडी, प्रणाली में चालू प्रत्येक प्रक्रिया के लिए एक विशिष्ट संख्या आवंटित करता है।
",[start] [UNK] [UNK] ne system men [UNK] rahi har process of ek vishisht number di hai [end],101,0
"115WF. If any person, being an employer—
","115बच.यदि कोर्इ व्यक्ति, जो नियोजक है–
",[start] [UNK] [end],102,0
"The poet is trying to create an image of a woman whose whole body is pining away, every limb is turning and twisting and, as described in a sloka mentioned above, the very bed and bed - sheets have become symbols of anguish and torture.
","कवि यहां एक ऐसी नारी के बिम्ब की उदभावना में लगा है जिसकी देह झुर रही है, अंग-अंग मरोड़ खा रहा है और, जैसा एक अन्य सलोक में कहा गया, बिछौना और चादर भी यन्त्रणा का प्रतिरूप बन उठे हैं।
",[start] poets ek aesi woman ki [UNK] banane ki koshish kar raha hai jiska poora sharir dard kar raha hai har organ [UNK] raha hai aur [UNK] raha hai aur jaisa ki oopar [UNK] ek [UNK] men [UNK] hai [UNK] aur [UNK] hi [UNK] aur yatna ke [UNK] ban ge hain [end],103,0
"Cash, silver and gold ornaments, coconuts, fruits and flowers are offered to the Lord.
","नकद रुपये, चांदी और सोने के आभूषण, नारियल, फल, फूल देवता को भेंट में चढ़ाये जाते हैं।
",[start] bhagvan ko [UNK] [UNK] aur [UNK] ke [UNK] [UNK] [UNK] aur [UNK] [UNK] jate hain [end],104,0
"Indeed for Allah only is the kingship of the heavens and the earth; He gives life and He gives death; and other than Allah, you have neither a Protector nor any Supporter.
","इसमें तो शक़ ही नहीं कि सारे आसमान व ज़मीन की हुकूमत ख़ुदा ही के लिए ख़ास है वही (जिसे चाहे) जिलाता है और (जिसे चाहे) मारता है और तुम लोगों का ख़ुदा के सिवा न कोई सरपरस्त है न मददगार
",[start] beshak allah hi ke lie [UNK] aur zamin ki hi hai [end],105,0.2599
"Then if they deny you, [O Muhammad] - so were messengers denied before you, who brought clear proofs and written ordinances and the enlightening Scripture.
","फिर यदि वे तुम्हें झुठलाते ही रहें, तो तुमसे पहले भी कितने ही रसूल झुठलाए जा चुके है, जो खुली निशानियाँ, 'ज़बूरें' और प्रकाशमान किताब लेकर आए थे
",[start] phir yadi ve tumhen [UNK] hain he muhammad isi tarah tumse pahle tumhen ko [UNK] gaya tha jo clear [UNK] aur [UNK] [UNK] aur [UNK] [UNK] lae the [end],106,0
"He agreed to Shri Duni Chand being appointed as his legal adviser.
","श्री दुनी चंद को अपना कानूनी परामर्शदाता नियुक्त करने पर वह सहमत हो गये।
",[start] unhonne shri [UNK] [UNK] ko apne legal [UNK] ke roop men niyukt karne par [UNK] vyakt ki [end],107,0.2558
"Adopting measures to get incentive prices for coconut and its products.
","नारियल और इसके उत्पादों के लिए प्रोत्साहन मूल्य पाने के उपाय अपनाना।
",[start] [UNK] aur uske products ke lie [UNK] prices prapt karne ke measures [UNK] [end],108,0.5497
"Sugar Machinery: - domestic manufacturers occupy predominant position in the global scenario and are capable of manufacturing from concept to commissioning stage sugar plants of latest design for a capacity upto 10, 000 TCD (tons crushing per day).
","वर्तमान में संपूर्ण चीनी संयंत्रों के विनिर्माण के लिए संगठित क्षेत्र में 2 इकाइयां हैं और प्रति वर्ष लगभग 200 करोड़ की संस्थापित क्षमता वाले पुर्जे हैं।
",[start] [UNK] machinery ghareloo [UNK] vaishvik [UNK] men prmukh sthan rakhte hain aur 10 [UNK] [UNK] prti [UNK] [UNK] [UNK] tak ki capacity ke lie [UNK] [UNK] ke [UNK] [UNK] ko [UNK] se chaloo karne ke [UNK] tak ke karne men saksham hain [end],109,0
"Bull 's stomach has blown up.
","बैल का पेट फूल जाता है।
",[start] [UNK] ka [UNK] [UNK] gaya hai [end],110,0
"The certificate has already been imported.
","प्रमाणपत्र पहले ही आयातित किया जा चुका है.
",[start] [UNK] pahle hi [UNK] kiya ja chuka hai [end],111,0
"Let 's draw this on the number line.
","चलो यह संख्या लाइन पर आरेखित करें।
",[start] [UNK] ise number line par make hain [end],112,0.4861
"and when the Koran is recited to them they do not bow?
","और जब उन्हें कुरआन पढ़कर सुनाया जाता है तो सजदे में नहीं गिर पड़ते?
",[start] aur jab unhen [UNK] unhen jati hai to kya ve [UNK] nahin hain [end],113,0.3602
"Chandrashekhar himself is undecided as to what he should do.
","स्वयं चंद्रशेखर इस संदर्भ में अनिश्चित है कि उसे क्या करना चाहिए।
",[start] [UNK] khud tay nahin kar [UNK] rahe hain ki unhen kya karna chahie [end],114,0
"Surely the Day of Judgement has an appointed time;
","निस्संदेह फ़ैसले का दिन एक नियत समय है,
",[start] nishchay hi nyay ke din ka ek nishchit samay hai [end],115,0
"Internal error: UID in invalid format: %s
","आंतरिक त्रुटि:अवैध प्रारूप में UID: %s
",[start] internal error [UNK] [UNK] [UNK] men s [end],116,0
"The house around them was settling down into unquiet sleep, but they were both wide awake.
","चारों ओर से उन्हें घेरता हुआ मकान अशान्त निद्रा में सो रहा था, किन्तु वे दोनों जाग रहे थे।
",[start] unke aaspas ka ghar [UNK] [UNK] men so raha tha lekin ve donon [UNK] rahe the [end],117,0
"Non - Political Terrorism - Terrorism is not aimed for the political purposes “”designed to create and maintain fear Ssacen Uchcha Sthar force for the purposes of display, but ultimately a political objective the achievement of personal or collective gain rather than“”
","गैर राजनीतिक आतंकवाद-कि आतंकवाद के उद्देश्य से नहीं है राजनीतिक प्रयोजनों पर जो सचेत डिजाइन बनाने और बनाये रखने के डर के उच्च स्तर के लिए प्रदर्शन बलपूर्वक (coercive) प्रयोजनों लेकिन अंत व्यक्तिगत हो या सामूहिक एक राजनीतिक उद्देश्य की प्राप्ति के बजाए लाभ.
",[start] [UNK] [UNK] ka [UNK] political purposes ke lie nahin hai pradarshan ke [UNK] ke lie dar banane aur banae rakhne ke lie banaya gaya hai lekin [UNK] ek political uddeshy ke bajay [UNK] ya [UNK] labh ki [UNK] hai [end],118,0
"things that didn 't quite exist physically like insurance, stocks and bonds, enterprise softwares,
","चीजें हैं जो काफी शारीरिक रूप से मौजूद नहीं था बीमा, स्टॉक्स और बांड्स, उद्यम सॉफ्टवेयर की तरह,
",[start] things jo [UNK] roop se maujood nahin thin jaise [UNK] [UNK] aur [UNK] [UNK] [UNK] [end],119,0.3611
"Without bridging the information gap, such disparity will persist.
","सूचना के इस अंतर को पाटे बिना ऐसी असमानता बनी रहेगी।
",[start] information ki [UNK] ko [UNK] ke bina is tarah ki [UNK] bani [UNK] [end],120,0
"A large number of water birds visit this area.
","इस क्षेत्र में अनेकों पक्षी आते है।
",[start] is kshetr men bari number men jal [UNK] [UNK] hain [end],121,0
"Military action had been so scattered and sporadic that our people , often leaderless and without the means of getting news from remote places , perhaps did not even have a very clear picture of what was happening to their country .
","फौजी कार्रवाई इतनी छितरी हुई और छुटपुट थी कि हमारी जनता , जिनका न कोई नेता था और न ही जिसके पास दूर-दराज के इलाकों तक संचार के कोई साधन थे , शायद स्पष्ट रूप से यह जानती तक नहीं थी कि उनके देश को क़्या हो रहा
",[start] [UNK] action itni [UNK] aur [UNK] thi ki hamare log [UNK] [UNK] aur [UNK] ke sthanon se [UNK] prapt karne ke [UNK] ke bina shayad unke desh ke sath kya ho raha hai iski bahut spasht bahut bhi nahin thi [end],122,0.301
"I shall not , however , attempt to infer that these murders must have been previously sanctioned by the prisoner ; mere inference on such a point cannot be accepted in a court of justice .
","बहरहाल , मैं यह अनुमान नहीं लगाना चाहता था कि बंदी ने पहले ही इन हत्याओं को मंजूरी दी थी या नहीं , क्योंकि न्याय की अदालत में सिर्फ ऐसे अनुमान को स्वीकार नहीं किया
",[start] halanki main yah [UNK] lagane ka pryas nahin [UNK] ki ye [UNK] pahle [UNK] dvara [UNK] ki gee [UNK] [end],123,0
"It was no exotic music which enthralled him.
","उन्हें विदेशी संगीत भाव-विभोर नहीं कर पाता था।
",[start] yah koee [UNK] [UNK] nahin tha jisne use [UNK] kar diya [end],124,0.2648
"The amount that has been set aside to meet the possible liability / risk.
","ऐसी राशि जिसे किसी संभावित दायित्व/जोखिम की पूर्ति के लिए अलग से रख दिया गया हो।
",[start] vah amount jo ki [UNK] ko poora karne ke lie alag [UNK] gee hai [end],125,0.1889
"Could not transfer data to window
","डाटा को खिड़की पर स्थानान्तरित किया जा सका
",[start] data ko window men [UNK] nahin kiya ja saka [end],126,0.3121
"The nation was therefore indebted to such inspired teachers.
","इसलिए देश ऐसे प्रेरित शिक्षकों का ऋणि है।
",[start] islie nation aese inspired teachers ka [UNK] tha [end],127,0
"It provided for mastery over Sanskrit literature to gain power of expression in Bengali, followed by acquaintance with Bengali literature and, thirdly, access to English education as was then being imparted by the Hindu College and the colleges set up by the Christian missionaries.
","ये पुस्तकें बंगला में अभिव्यक्ति की क्षमता बढ़ाने के लिए संस्कृत साहित्य पर अधिकार करके बंगला साहित्य से घनिष्ठ सम्पर्क तक और हिन्दू कालेज तथा मिशनरियों द्वारा स्थापित कालेजों में दी जाने वाली अंग्रेज़ी शिक्षा तक पहुँचाने का काम निभाने वाली थीं।
",[start] [UNK] [UNK] men expression ki shakti hasil karne ke lie snskrit literature par [UNK] hasil karne ka [UNK] kiya jiske bad [UNK] sahity se [UNK] huaa aur [UNK] [UNK] education tak pahunch jo us samay hindu college aur [UNK] [UNK] dvara sthapit [UNK] dvara prdan ki ja rahi thi [end],128,0
"Persons taking sulphonylurea therapy and who have normal blood glucose values may need to reduce the sulphonylurea dose while on exercise programme.
","जिन रोगियों को सल्फोनाइलयूरिया दवाइयां दी जा रही हैं और उनका रक़्त ग़्लूकोज स्तर सामान्य है, उन्हें व्यायाम कार्यक्रम के दौरान इन दवाइयों इन दवाइयों की खुराक कम करने की आवश्यकता हो सकती
",[start] [UNK] [UNK] lene vale aur samany blood [UNK] vale logon ko [UNK] programme ke dauran [UNK] ki [UNK] kam karne ki aavashyakta ho sakti hai [end],129,0.1987
"Particulars to be furnished in respect of gratuity funds.
","उपदान निधियों की बाबत दी जाने वाली विशिष्टियां
",[start] [UNK] [UNK] ke snbndh men prastut kie jane vale [UNK] [end],130,0
"The whole film proceeds with computer graphics and animated figures.
","कंप्यूटर ग्राफिक्स और एनिमेटेड आंकड़े के साथ पूरी फिल्म आय.
",[start] poori [UNK] computer [UNK] aur [UNK] [UNK] ke sath aage bati hai [end],131,0
"The prevailing colour of this breed is black and white.
","इस नस्ल का सामान्य रंग काला और सफेद होता है.
",[start] is [UNK] ka [UNK] rng [UNK] aur [UNK] hai [end],132,0
"Auto Generate Assoc Accessors (Java)
","एसॉक एक्सेसर्स स्वचालित जनरेट करें (जावा)
",[start] [UNK] [UNK] [UNK] [UNK] [UNK] [end],133,0
"It is the pivot on which the political system of the country revolves .
","यह वह धुरी है , जो देश के राजनीतिक व्यवस्था की नींव है .
",[start] yah vah [UNK] hai jis par country ki political system men hai [end],134,0
"Chandrashekhar himself is undecided as to what he should do.
","स्वयं चंद्रशेखर इस संदर्भ में अनिश्चित है कि उसे क्या करना चाहिए।
",[start] [UNK] khud tay nahin kar [UNK] rahe hain ki unhen kya karna chahie [end],135,0
"This message does not contain the header information required for this action.
","संदेश शीर्षिका सूचना नहीं रखता है इस क्रिया के लिए जरूरी.
",[start] is message men is action ke lie aavashyak action [UNK] nahin hai [end],136,0
"Setting up of EIL - R & D Centre to support National Laboratories
","राष्ट्रीय प्रयोगशालाओं के सहयोग के लिए र्इ. आर्इ. एल.-आर. एण्ड डी. सेन्टर की स्थापना।
",[start] national [UNK] ki sahayta ke lie [UNK] [UNK] evn vikas centre ki sthapna [end],137,0
"Thus a binary series of numbers would be transmitted.
","इस प्रकार दिवचर श्रेणी की संख्याओं को प्रेषित किया जा सकता हैं।
",[start] is prkar [UNK] ki ek [UNK] [UNK] [UNK] ki [UNK] [end],138,0
"Speech by The President of India,Shri Pranab Mukherjee at The National Education Day celebrations and the inauguration of 40th Jawaharlal Nehru National Science, Mathematics and Environment Exhibition for children - 2013
","राष्ट्रीय शिक्षा दिवस समारोह तथा 40वीं जवाहरलाल नेहरू राष्ट्रीय बाल विज्ञान, गणित और पर्यावरण प्रदर्शनी - 2013 के उद्घाटन के अवसर पर भारत के राष्ट्रपति का अभिभाषण
",[start] national education speech [UNK] aur children ke lie [UNK] [UNK] nehroo national [UNK] [UNK] aur environment [UNK] ke udghatan ke avasar par india ke president shri [UNK] [UNK] ka [UNK] [UNK] [end],139,0.1249
"From 1998 - 99, various poverty alleviation and employment generation programmes are grouped under two broad categories of:
","वर्ष 1998-99 से चलने वाले कई तरह के गरीबी उन्मूलन तथा रोजगार सृजन कार्यक्रमों को व्यापक रूप से दो वर्गों में रखे गए हैंः
",[start] [UNK] se vibhinn poverty various aur employment srijan [UNK] ko do [UNK] [UNK] men [UNK] gaya hai [end],140,0.2469
"_ Apply filters to new messages in Inbox on this server
","इस सर्वर पर इनबाक्स में नए संदेश के लिए फिल्टर चलाएँ (_ A)
",[start] is [UNK] par [UNK] men ne [UNK] ke lie [UNK] [UNK] karen [end],141,0
"He stuck to the practices he had learnt during training.
","उन्होंने प्रशिक्षण के दौरान सीखी पद्धतियों का ही पालन किया।
",[start] vah training ke dauran [UNK] ge [UNK] par [UNK] raha [end],142,0
"When they came to a gutter filled with rain water, they plunged in, scream - ing with laughter.
","छोकरे जब बारिश के पानी से भरा नाली के निकट पहुंचे, तो उसी में कूद पड़े और धमाचौकड़ी मचाते हुए हो-हल्ला करने लगे।
",[start] jab ve [UNK] ke water se bhare ek [UNK] ke pas aae to ve [UNK] [UNK] kar usmen [UNK] ge [end],143,0
"(That) We sent it down one night of blessing - - so that We could warn - -
","निस्संदेह हमने उसे एक बरकत भरी रात में अवतरित किया है।-निश्चय ही हम सावधान करनेवाले है।-
",[start] ki hamne use ek barakat vali rat nazil ki taki ham [UNK] kar something [end],144,0.1763
"Could not rename '% s' to% s:% s
","`% s 'का% s यह पुनर्नामकरण नहीं कर सकाः% s
",[start] s ka nam [UNK] s s nahin kiya ja saka [end],145,0.4831
"You must enable remote connections if you want to use Chromoting to access this computer.
","यदि आप इस कंप्यूटर पर पहुंचने के लिए Chromoting का उपयोग करना चाहते हैं, तो आपको दूरस्थ कनेक्शन सक्षम करने होंगे.
",[start] yadi aap is computer tak [UNK] ke lie [UNK] ka upyog karna chahte hain to aapko [UNK] [UNK] [UNK] karne honge [end],146,0
"It is divided into six parts , five of which deal with cosmic matters .
","यह छह भागों में विभक़्त है जिनमें से पांच में ब्रह्मांड से संबंधित विषयों पर चर्चा की गई है .
",[start] yah chhah bhagon men [UNK] gaya hai jinmen se bhagon [UNK] men se snbndhit yah [end],147,0.3476
"than about capturing a moment really.
","बजाय सच में एक पल को खींचने के |
",[start] vastav men ek [UNK] par [UNK] karne ke [UNK] [end],148,0.4771
"And she conceived him, and she withdrew with him to a far place.
","फिर उसे उस (बच्चे) का गर्भ रह गया और वह उसे लिए हुए एक दूर के स्थान पर अलग चली गई।
",[start] aur vah uske [UNK] men rahi aur vah uske pas ek door rakha ko [UNK] gee [end],149,0
"If we start translating, we can only say the sun 's colour was slightly reddish.
","अगर हमें अनुवाद करना हो तो हम कहेंगे कि सूर्य का रंग लोहित था।
",[start] anuvad karna [UNK] karen to other yahi kah sakte hain ki soory ka rng [UNK] [UNK] tha [end],150,0.2985
"and what will make you understand what the 'Illiyyin is? - -
","और तुमको क्या मालूम कि इल्लीयीन क्या है वह एक लिखा हुआ दफ़तर है
",[start] aur tum kya tum ki [UNK] kya hai [end],151,0
"Children from the lowest social class are five times more likely to die in road accidents than those from the highest social class.
","समाज के सब से नीचे वाले वर्ग के बच्चों की सड़क दुर्घटना में मौत होने का खतरा सब से उँचे वर्ग वाले बच्चों से पाँच गुना अधिक है।
",[start] highest social varg ke bachchon ki tulna men [UNK] social varg ke bachchon ki [UNK] [UNK] men [UNK] ki snbhavna panch highest adhik hoti hai [end],152,0
"Download in progress. Do you want to save the task?
","डाउनलोड प्रगति में है. क्या आप इस कार्य को सहेजना चाहते हैं?
",[start] [UNK] jari hai [end],153,0.1843
"I had my own doubts of the success of the programme in Bihar.
","मुझे भी इस कार्यक्रम की सफलता में काफी संदेह था।
",[start] [UNK] men karyakram ki saphalta ko lekar meri apni [UNK] thin [end],154,0
"Check that the spelling is correct and that your proxy settings are correct.
","जांच लें कि वर्तनी सही है और आपके प्रॉक्सी विन्यास सही हैं.
",[start] janchen ki spelling correct hai aur aapki proxy time correct hain [end],155,0.7149
"Such an institution is no good for building the nation.
","यह संस्था राष्ट्र के नव निर्माण की दृष्टि से उपयोगी नहीं है।
",[start] aesi institution nation nirman ke lie thik nahin hai [end],156,0
"(9) The person from whose custody any books of account or other documents are seized under sub-section (1) or sub-section (1A) may make copies thereof, or take extracts therefrom, in the presence of the authorised officer or any other person empowered by him in this behalf, at such place and time as the authorised officer may appoint in this behalf.
","(9) वह व्यक्ति, जिसकी अभिरक्षा से कोर्इ लेखा बहियां या अन्य दस्तावेज उपधारा (1) या उपधारा (1क) के अधीन अभिगृहीत किए जाते हैं, उनकी नकलें या उनसे उद्धरण प्राधिकृत अधिकारी या उस निमित्त उसके द्वारा सशक्त किसी अन्य व्यक्ति की उपस्थिति में ऐसे स्थान और समय पर जो प्राधिकृत अधिकारी इस निमित्त नियत करें ले सकेगा।
",[start] [UNK] jis vyakti ki [UNK] se khate ki [UNK] ya any [UNK] updhara 1 ya updhara [UNK] ke tahat [UNK] kie jate hain ve [UNK] officer ya kisi ki [UNK] men uski [UNK] bana le hain ya bana [UNK] le sakte hain [end],157,0.1595
"Partially ordered set is the intuitive concept of an ordering and sequencing, or arrangement of the elements of a set.
","अंशतः क्रमित समुच्चय, समुच्चय के तत्वों के अनुक्रमण तथा प्रबंधन का एक सहजज्ञ सिद्धांत होता है।
",[start] [UNK] roop se [UNK] set ek aadesh aur [UNK] ya ek set ke [UNK] ki [UNK] ki [UNK] [UNK] hai [end],158,0
"OPV can be given to children till 5 years of age.
","बच्चों को ओपीवी 5 वर्ष की आयु तक दिया जा सकता है
",[start] 5 years tak ke bachchon ko [UNK] di ja sakti hai [end],159,0.2273
"The decree that the court gave was an appealable decree.
","अदालत ने जो डेक्री दी वह एक अपीलनीय डेक्री थी।
",[start] [UNK] ne jo decree di vah ek appeal yogy decree thi [end],160,0
"21.Lovhaghat also called Iron Fort,it is one of the greatest attractions of Bharathpur.
","21. लौहागढ़ आयरन फोर्ट के रूप में भी जाना जाता है लौहागढ़ भरतपुर के प्रमुख ऐतिहासिक आकर्षणों में से एक है।
",[start] [UNK] ko [UNK] ka [UNK] bhi kaha jata hai yah [UNK] ke sabse bare [UNK] men se ek hai [end],161,0.234
"Rest house means a building used for shelter by travelers.
","विश्राम गृह का अर्थ उस इमारत से होता है, जिसका प्रयोग यात्रियों द्वारा आश्रय के लिए किया जाता है।
",[start] [UNK] [UNK] ka arth [UNK] dvara [UNK] ke lie upyog kiya jane vala bhavan hai [end],162,0
"For more than four decades, Gurbakhsh Singh prevailed over Punjabi journalism.
","चार दशकों से अधिक, गुरबख्श सिंह पंजाबी पत्रकारिता पर आच्छादित रहे।
",[start] [UNK] [UNK] char [UNK] se adhik samay tak [UNK] [UNK] par [UNK] rahe [end],163,0
"The President of India, Shri Pranab Mukherjee has called for changing negative perceptions about women.
","भारत के राष्ट्रपति, श्री प्रणब मुखर्जी ने महिलाओं के बारे में नकारात्मक धारणाओं को बदलने का आग्रह किया।
",[start] india ke president shri [UNK] [UNK] ne women ke bare men [UNK] [UNK] ko badalne ka [UNK] kiya hai [end],164,0
"Sometimes, the local craftsmen also display their items for sale in this emporium.
","कभी स्थानीय शिल्पकार भी अपनी कलाकृतियों को यहां पर बेचने के लिए रख देते हैं.
",[start] kabhikbhi local [UNK] bhi is [UNK] men [UNK] ke lie apna saman events karte hain [end],165,0.5223
"Device does not support FILTER _ SLOT property.
","उपकरण में FILTER _ SLOT गुण समर्थन उपलब्ध नहीं है.
",[start] [UNK] [UNK] property ka samarthan nahin karta [end],166,0
"It is the best source of soluble fibre.
","यह घुलनशील रेशे का सर्वश्रेष्ठ स्रोत है।
",[start] yah [UNK] [UNK] ka sabse good srot hai [end],167,0
"God has sealed their hearts and hearing and their vision is veiled; a great punishment awaits them.
","अल्लाह ने उनके दिलों पर और कानों पर मुहर लगा दी है और उनकी आँखों पर परदा पड़ा है, और उनके लिए बड़ी यातना है
",[start] [UNK] ne unke [UNK] aur [UNK] par [UNK] laga di hai aur unki drishti par [UNK] para hai [end],168,0.2719
"This will be our tribute to Mahatma Gandhi on his 150th birth anniversary to be celebrated in the year 2019.
","ऐसा करना महात्मा गांधी को उनकी 150वीं जयंती पर हमारी श्रद्धांजलि होगी जो वर्ष2019 में मनाई जाएगी।’
",[start] year [UNK] men [UNK] jane vali unki [UNK] [UNK] par [UNK] [UNK] ko yah hamari [UNK] hogi [end],169,0
"Harnessing modern biology in agriculture is the need of the hour.
","कृषि में आधुनिक जीवविज्ञान का उपयोग आज की जरूरत है।
",[start] krishi men modern object science ka upyog karna samay ki aavashyakta hai [end],170,0
"Shortly after taking up the job, he was married in 1912 to Shivdayee, with whom he was betrothed since infancy.
","काम पर लगने के शीघ्र बाद ही 1912 मे शिवदाई के साथ उनका विवाह हो गया, जिसके साथ जन्म से ही उनकी मँगनी हो चुकी जीवन 19 थी।
",[start] [UNK] karne ke kuchh time bad [UNK] men unka vivah [UNK] se huaa jinse unki [UNK] se hi [UNK] ho gee thi [end],171,0.1577
"And in all cases we have to ask -
","और सभी मामलों में हमे पूछना है
",[start] aur sabhi matters men hamen [UNK] hai [end],172,0
"When they are cast into it they will hear it sighing, the while it boils
","जब वे उसमें डाले जाएँगे तो उसकी दहाड़ने की भयानक आवाज़ सुनेंगे और वह प्रकोप से बिफर रही होगी।
",[start] jab ve usmen [UNK] jate hain to ve uski [UNK] aur [UNK] [UNK] hue [UNK] [end],173,0
"We think doodling is something you do when you lose focus,
","ऐसा माना जाता है कि डूडल करने वाले का ध्यान भंग हो चुका है,
",[start] hamen lagta hai ki hai ek aesi chiz hai jise aap tab karte hain jab aap [UNK] [UNK] dete hain [end],174,0
"Project Manager Plugin for Anjuta.
","परियोजना प्रबंधक प्लगइन के लिए Anjuta.
",[start] [UNK] ke lie [UNK] [UNK] [UNK] [end],175,0
"What quantity should be added to both sides of this equation
","क्या मात्रा इस समीकरण के दोनों पक्षों के लिए शामिल किया जाना चाहिए
",[start] is [UNK] ke donon aspects men kitni matra rahna jae [end],176,0.4555
"A typical exploitation of the horizontal instability is by tampering with regions of higher albedo like the polar ice caps.
","क्षैतिज अस्थिरता के समुपयोजन का एक प्रारुपिक उदाहरण ध्रवीय बर्फ-टोपी जैसे उच्च एल्बडो के क्षेत्र में हस्तक्षेप है।
",[start] horizontal [UNK] ka ek vishisht [UNK] high [UNK] ke aspects jaise [UNK] [UNK] ki [UNK] ke sath [UNK] karna hai [end],177,0
"The Government , therefore , decided that an amendment of the Constitution was not necessary .
","अत : सरकार ने निश्चय किया कि संविधान का संशोधन जरूरी नहीं है .
",[start] islie government ne nirnay liya ki [UNK] men [UNK] ki aavashyakta nahin hai [end],178,0
"The e-hospital and e-project programmes taken up by NIMHANS are, therefore, excellent initiatives, worthy of emulation by other institutions.
","इसलिए निमहैन्स द्वारा आरंभ किए गए ई-हास्पिटल और ई-प्रोजेक्ट कार्यक्रम उत्कृष्ट पहल हैं, अन्य संस्थाओं द्वारा अनुकरण किए जाने योग्य है।
",[start] islie response dvara [UNK] kie ge [UNK] aur [UNK] programme [UNK] initiatives hain jo any [UNK] dvara [UNK] ke yogy hain [end],179,0
"The writer of this monograph met her in October 1972 in Leningrad.
","इस पुस्तक के लेखक की अक्तूबर 1972 में, लेनिनग्राद में, लोला से, उनके घर पर भेंट हुई।
",[start] is [UNK] ke [UNK] ne unse [UNK] [UNK] men [UNK] men [UNK] ki [end],180,0.1325
"A sudden state of danger in financial matters.
","वित्तीय मामलों में उपस्थित आकस्मिक आपात स्थिति।
",[start] state matters men [UNK] [UNK] ki [UNK] [end],181,0
"It enables the company to adopt a stable dividend policy
","इससे कंपनी की लाभांश नीति को स्थिरता मिलती है।
",[start] yah company ko ek [UNK] dividend policy be men [UNK] [UNK] hai [end],182,0
"Ask your council about anything in the tenancy agreement you do not understand.
","यदि किरायेदारी के समझोते में कोई बात आपको समझ नहीं आती, तो आ कौंसिल को पूँछे।
",[start] [UNK] [UNK] men kisi bhi bat ke bare men apni council se [UNK] jo aapko samajh men nahin [UNK] [end],183,0.4374
"“ We have always supported the UDF and have a right to nominate those whom we believe will help us , ” says Monsignor Paul Kakkassery , the diocese 's spokesman .
","उनके प्रवक्ता मॉनसिग्नोर पॉल कक्कास्सेरी ने कहा भी , ' ' हमने हमेशा संलमो का समर्थन किया है.इसलिए हमें ऐसे लगों को मनोनीत करने का अधिकार है जिनके बारे में हमारा मानना है कि वे हमारी मदद करेंगे . ' '
",[start] [UNK] ke [UNK] [UNK] [UNK] [UNK] kahte hain hamne hamesha [UNK] ka samarthan kiya hai aur hamen un logon ko [UNK] karne ka right hai jinke bare men hamen vishvas hai ki ve hamari madad karenge [end],184,0.5469
"In exercise of the powers vested in him by Rule 58 1 paragraph b of the Defence of Hyderabad Rules which correspond to the Defence of India Rules, it is hereby ordered that no person shall unfurl in a ceremonial fashion at any public function the flag of any foreign country nor salute it.
","हैदराबाद रक्षा-कानूनों जो भारत रक्षा-कानूनों के जैसे ही है की धारा-58 1 के पैरा ब द्वारा उनमें निजाम में निहित सत्ताओं का अमल करके यह आदेश दिया जाता है कि कोई भी व्यक्ति किसी भी सार्वजनिक समारोह में विधिवत् किसी विदेश के झंडे को न तो फहरायेगा और न उसे सलामी देगा।
",[start] [UNK] [UNK] ki [UNK] ke niyam [UNK] [UNK] bi dvara unhen nihit shaktiyon ka pryog karte hue jo bhartiy [UNK] [UNK] ke anuroop hai yah decree diya jata hai ki koee bhi [UNK] kisi bhi public samaroh men [UNK] roop se kisi bhi rashtr ka [UNK] nahin [UNK] [end],185,0
"Special schemes for SHGs and to empower women folk
","स्वयं सहायता समूह के लिए विशेष योजना और महिलाओं को सशक्त बनाना
",[start] [UNK] ke lie vishesh [UNK] aur mahila [UNK] ko sashakt banana [end],186,0
"The process of arbitration that has to be followed compulsorily as per law.
","किसी मामले में पंचनिर्णय की प्रक्रिया जो कानूनन अनिवार्य रूप से पालन करनी होगी।
",[start] [UNK] ki prakriya jise law ke anusar [UNK] roop se palan karna hota hai [end],187,0
"Let not those grieve thee who rush headlong into Unbelief: Not the least harm will they do to Allah: Allah 's plan is that He will give them no portion in the Hereafter, but a severe punishment.
","और (ऐ रसूल) जो लोग कुफ़्र की (मदद) में पेश क़दमी कर जाते हैं उनकी वजह से तुम रन्ज न करो क्योंकि ये लोग ख़ुदा को कुछ ज़रर नहीं पहुँचा सकते (बल्कि) ख़ुदा तो ये चाहता है कि आख़ेरत में उनका हिस्सा न क़रार दे और उनके लिए बड़ा (सख्त) अज़ाब है
",[start] jo log [UNK] ki or [UNK] hain ve tumhen [UNK] n karen ve allah ko kam se kam [UNK] nahin [UNK] allah ki plan yah hai ki vah unhen [UNK] men koee god nahin dega lekin [UNK] [UNK] [UNK] [end],188,0.3636
"Now who will take rebukes on my behalf.
",", अब वहाँ मेरे स्थान पर कौन झिड़किए खायेगा?
",[start] ab meri or se kaun [UNK] [end],189,0.4816
"There were the usual speeches, garlanding and so on.
","उसमें, सामान्यतः जैसा होता है, मालाएं पहनाई गई और भाषण आदि हुए।
",[start] normal speech [UNK] [UNK] the [end],190,0
"In France, the news of one deed spreads like a flash and brings some pride to a disillusioned people.
","फ्रांस में इस एक कारनामे की खबर बिजली की तरह फैल जाती है और लोग भ्रम से मुक़्त होकर गर्व महसूस करते हैं.
",[start] [UNK] men ek kam ki [UNK] ek [UNK] ki tarah phail hai aur [UNK] karne vale logon ke lie kuchh [UNK] ka karan ko hai [end],191,0
"You will be more likely to give up before the 30 minutes elapse compared to you.
","आप लोगों के छोड़ने की सम्भावना, आप लोगों से ज्यादा है।
",[start] aapki tulna men [UNK] men [UNK] se pahle aapke har [UNK] ki snbhavna adhik hogi [end],192,0
"Toggle display of the status bar.
","स्थिति पट्टी का प्रदर्शन टॉगल करें.
",[start] [UNK] bar ka [UNK] [UNK] karen [end],193,0
"An Iranian government - sponsored radio station gleefully predicts that its brand of militant Islam within the United States will “provoke a dangerous and crucial confrontation” with the American authorities.
","ईरानी सरकार द्वारा प्रायोजित एक रेडियो स्टेशन ने अत्यंत प्रसन्नतापूर्वक भविष्यवाणी की कि उसके प्रकार का उग्रवादी इस्लाम अमेरिका में अमेरिकी अधिकारियों के साथ महत्वपूर्ण और खतरनाक संघर्ष को प्रोत्साहित कर देगा।
",[start] ek [UNK] [UNK] [UNK] [UNK] [UNK] se bhavishyvani karta hai ki [UNK] rajy public ke bhitar [UNK] [UNK] ka [UNK] [UNK] [UNK] ke sath khatarnak aur important speeches ko [UNK] [end],194,0
"The pumping system draws water from the open well, bore well, stream, pond, canal etc.
","पम्पिंग प्रणाली जल को खुले कुएं, बोरवेल, जल-धारा, तालाब, नहर आदि से खींचती है।
",[start] [UNK] system khule [UNK] [UNK] dhara [UNK] [UNK] aadi se water [UNK] hai [end],195,0
"(a) expenditure in connection with—
","(क) निम्नलिखित के संबंध में व्यय–
",[start] e ke snbndh men [UNK] [end],196,0
"Color to draw the Marcus Bains Line in the Time bar (empty for default).
","Marcus Bains Line को समय पट्टी में दिखाने के लिए रंग (तयशुदा रूप से खाली).
",[start] [UNK] bar men [UNK] [UNK] rekha [UNK] ke lie rng [UNK] ke lie [UNK] [end],197,0
"These dealt with matters arising during periods of the first and second Emergencies proclaimed in 1962 and 1971.
","इनका संबंध उन मामलों से था जो 1962 और 1971 में उदघोषित आपात उपबंध पहले और दूसरे आपातो के दौरान पैदा हुए।
",,198,0
"It was presented to the Legislative Council in 1856 and was passed in 1860.
","इसे 1856 में विधायी परिषद के समक्ष प्रस्तुत किया गया और1860 में पारित किया गया।
",,,